{"cameraMode":{"drawMode":0,"name":"Shaded","section":"Shading Mode"},"sceneLighting":true,"audioPlay":false,"sceneViewState":{"m_AlwaysRefresh":false,"showFog":true,"showSkybox":true,"showFlares":true,"showImageEffects":true,"showParticleSystems":true,"showVisualEffectGraphs":true,"m_FxEnabled":false},"in2DMode":false,"pivot":{"x":1.1583536863327027,"y":-9.891473770141602,"z":-12.563679695129395},"rotation":{"x":0.0011936509981751443,"y":0.9309685826301575,"z":-0.3651736378669739,"w":0.0030785356648266317},"size":16.195667266845704,"orthographic":false}