{"cameraMode":{"drawMode":0,"name":"Shaded","section":"Shading Mode"},"sceneLighting":false,"audioPlay":false,"sceneViewState":{"m_AlwaysRefresh":false,"showFog":true,"showSkybox":false,"showFlares":true,"showImageEffects":true,"showParticleSystems":true,"showVisualEffectGraphs":true,"m_FxEnabled":false},"in2DMode":false,"pivot":{"x":0.03268181532621384,"y":-0.16775134205818177,"z":0.10033583641052246},"rotation":{"x":0.00003448445932008326,"y":-0.9999901652336121,"z":0.009308273904025555,"w":0.0021054015960544349},"size":0.7051119208335877,"orthographic":false}