{"cameraMode":{"drawMode":0,"name":"Shaded","section":"Shading Mode"},"sceneLighting":false,"audioPlay":false,"sceneViewState":{"m_AlwaysRefresh":false,"showFog":true,"showSkybox":false,"showFlares":true,"showImageEffects":true,"showParticleSystems":true,"showVisualEffectGraphs":true,"m_FxEnabled":false},"in2DMode":false,"pivot":{"x":-0.09621469676494599,"y":-0.08580785989761353,"z":0.047774553298950198},"rotation":{"x":-0.008501921780407429,"y":-0.9608221650123596,"z":0.2755696773529053,"w":-0.029697638005018235},"size":0.7071067690849304,"orthographic":false}